{
    "上海市": [121.487899486, 31.24916171],
    "云南省": [102.714601139, 25.0491531005],
    "内蒙古自治区": [111.66035052, 40.8283188731],
    "北京市": [116.395645038, 39.9299857781],
    "吉林省": [125.313642427, 43.8983376071],
    "四川省": [104.067923463, 30.6799428454],
    "天津市": [117.210813092, 39.1439299033],
    "宁夏回族自治区": [106.206478608, 38.5026210119],
    "安徽省": [117.282699092, 31.8669422607],
    "山东省": [117.024967066, 36.6827847272],
    "山西省": [112.550863589, 37.890277054],
    "广东省": [113.307649675, 23.1200491021],
    "广西壮族自治区": [108.297233556, 22.8064929356],
    "新疆维吾尔自治区": [87.5649877411, 43.8403803472],
    "江苏省": [118.778074408, 32.0572355018],
    "江西省": [115.893527546, 28.6895780001],
    "河北省": [114.522081844, 38.0489583146],
    "河南省": [112.447524769, 34.6573678177],
    "浙江省": [120.219375416, 30.2592444615],
    "海南省": [110.330801848, 20.022071277],
    "湖北省": [114.316200103, 30.5810841269],
    "湖南省": [112.979352788, 28.2134782309],
    "甘肃省": [103.823305441, 36.064225525],
    "福建省": [118.103886046, 24.4892306125],
    "西藏自治区": [91.111890896, 29.6625570621],
    "贵州省": [106.709177096, 26.6299067414],
    "辽宁省": [121.593477781, 38.9487099383],
    "重庆市": [106.530635013, 29.5446061089],
    "陕西省": [109.500509757, 36.6033203523],
    "青海省": [101.76792099, 36.640738612],
    "香港地区": [114.173291988, 22.3072458588],
    "黑龙江省": [126.657716855, 45.7732246332],
    "澳门地区": [113.557519102, 22.2041179884],
    "台湾省": [114.130474436, 22.3748329286]
}